Workbook

Sheet DASHBOARD
A1: 8-BIT CPU SIMULATOR -- PURE EXCEL FORMULAS -- ZERO VBA -- ZERO MACROS
A2: 15 Instructions | 64-Step Execution Trace | 256-Byte RAM | 3 Flags | Change STEP and press F9
B4: STEP: | C4: 0 | D4: <-- Enter 0 to 63, then press F9 (Win) or Cmd+= (Mac)
B6: REGISTERS | G6: FLAGS | M6: CURRENT INSTRUCTION
B7: ACCUMULATOR (A) | G7: FLAG Z (ZERO) | M7: OPCODE (IR) -- decimal and hex
B8: {=INDEX('CPU ENGINE'!C:C,(MIN(63,MAX(0,C4))+3))} -> 0 | C8: {="0x"&DEC2HEX(INDEX('CPU ENGINE'!C:C,(MIN(63,MAX(0,C4))+3)),2)} -> 0x00 | D8: {=DEC2BIN(INDEX('CPU ENGINE'!C:C,(MIN(63,MAX(0,C4))+3)),8)} -> 00000000 | G8: {=INDEX('CPU ENGINE'!F:F,(MIN(63,MAX(0,C4))+3))} -> 0 | J8: {=IF(INDEX('CPU ENGINE'!F:F,(MIN(63,MAX(0,C4))+3))=1,"SET","CLEAR")} -> CLEAR | M8: {=INDEX('CPU ENGINE'!I:I,(MIN(63,MAX(0,C4))+3))} -> 0 | O8: {="0x"&DEC2HEX(INDEX('CPU ENGINE'!I:I,(MIN(63,MAX(0,C4))+3)),2)} -> 0x00
M9: MNEMONIC
B10: REGISTER B | G10: FLAG C (CARRY) | M10: {=INDEX('CPU ENGINE'!L:L,(MIN(63,MAX(0,C4))+3))} -> NOP
B11: {=INDEX('CPU ENGINE'!D:D,(MIN(63,MAX(0,C4))+3))} -> 0 | C11: {="0x"&DEC2HEX(INDEX('CPU ENGINE'!D:D,(MIN(63,MAX(0,C4))+3)),2)} -> 0x00 | D11: {=DEC2BIN(INDEX('CPU ENGINE'!D:D,(MIN(63,MAX(0,C4))+3)),8)} -> 00000000 | G11: {=INDEX('CPU ENGINE'!G:G,(MIN(63,MAX(0,C4))+3))} -> 0 | J11: {=IF(INDEX('CPU ENGINE'!G:G,(MIN(63,MAX(0,C4))+3))=1,"SET","CLEAR")} -> CLEAR | M11: OPERAND (arg byte)
M12: {=INDEX('CPU ENGINE'!J:J,(MIN(63,MAX(0,C4))+3))} -> 0
B13: STACK POINTER (SP) | G13: FLAG N (NEGATIVE)
B14: {=INDEX('CPU ENGINE'!E:E,(MIN(63,MAX(0,C4))+3))} -> 255 | C14: {="0x"&DEC2HEX(INDEX('CPU ENGINE'!E:E,(MIN(63,MAX(0,C4))+3)),2)} -> 0xFF | D14: {=DEC2BIN(INDEX('CPU ENGINE'!E:E,(MIN(63,MAX(0,C4))+3)),8)} -> 11111111 | G14: {=INDEX('CPU ENGINE'!H:H,(MIN(63,MAX(0,C4))+3))} -> 0 | J14: {=IF(INDEX('CPU ENGINE'!H:H,(MIN(63,MAX(0,C4))+3))=1,"SET","CLEAR")} -> CLEAR
B16: PROG COUNTER (PC)
B17: {=INDEX('CPU ENGINE'!B:B,(MIN(63,MAX(0,C4))+3))} -> 0 | C17: {="0x"&DEC2HEX(INDEX('CPU ENGINE'!B:B,(MIN(63,MAX(0,C4))+3)),2)} -> 0x00 | D17: {=DEC2BIN(INDEX('CPU ENGINE'!B:B,(MIN(63,MAX(0,C4))+3)),8)} -> 00000000
B19: ( decimal / 0xhex / 8-bit binary )
B21: {=IF(INDEX('CPU ENGINE'!K:K,(MIN(63,MAX(0,C4))+3))=1," HALTED -- execution complete"," RUNNING -- increment STEP and press F9 ")} -> RUNNING -- increment STEP and press F9
B23: TRACKED MEMORY WRITES
B24: ADDRESS | C24: DEC | D24: HEX | E24: BIN8
B25: MEM[0x20] (=32) | C25: {=INDEX('CPU ENGINE'!M:M,(MIN(63,MAX(0,C4))+3))} -> 0 | D25: {="0x"&DEC2HEX(INDEX('CPU ENGINE'!M:M,(MIN(63,MAX(0,C4))+3)),2)} -> 0x00 | E25: {=DEC2BIN(INDEX('CPU ENGINE'!M:M,(MIN(63,MAX(0,C4))+3)),8)} -> 00000000
B26: MEM[0x21] (=33) | C26: {=INDEX('CPU ENGINE'!N:N,(MIN(63,MAX(0,C4))+3))} -> 0 | D26: {="0x"&DEC2HEX(INDEX('CPU ENGINE'!N:N,(MIN(63,MAX(0,C4))+3)),2)} -> 0x00 | E26: {=DEC2BIN(INDEX('CPU ENGINE'!N:N,(MIN(63,MAX(0,C4))+3)),8)} -> 00000000
B28: HOW TO USE
B29: 1. Pre-loaded program: LDA #5 -> DEC -> JNZ @02 -> HLT (counts down A from 5 to 0 in 13 steps)
B30: 2. Set STEP=0, press F9. This shows initial state: A=0, B=0, PC=0x00, all flags clear.
B31: 3. Set STEP=1, press F9. First instruction (LDA #5) executed. REG_A now shows 5.
B32: 4. Keep incrementing STEP + pressing F9. Watch A decrease 5->4->3->2->1->0, FLAG_Z flips to 1 at A=0.
B33: 5. At STEP=12 STATUS shows HALTED and A=0. Countdown complete.
B34: 6. Load Program B (7+5=12): go to RAM sheet, put bytes 1,7,2,5,4,3,32,255 in cells 0x00-0x07. Re-step from 0.
B35: 7. ASSEMBLER sheet: type mnemonic in column B, arg in column C, get byte values to copy into RAM.
B36: 8. CPU ENGINE sheet: see ALL 64 steps at once. Each row is one clock cycle. Study the formula chain.
B37: 9. ALU sheet: change inputs A and B, all 8 arithmetic/logic operations update instantly.
B38: 10. DEEP DIVE: in CPU ENGINE, FLAG_Z col F uses =IF(C{r}=0,1,0) -- the Zero flag IS that formula.

Sheet ISA
A1: 8-BIT CPU INSTRUCTION SET ARCHITECTURE
A2: OPCODE | B2: HEX | C2: MNEMONIC | D2: BYTES | E2: OPERATION | F2: FLAGS | G2: DESCRIPTION | H2: EXAMPLE
A3: 0 | B3: 0x00 | C3: NOP | D3: 1 | E3: No op | F3: -- | G3: No operation; PC+1 | H3: 0x00
A4: 1 | B4: 0x01 | C4: LDA #n | D4: 2 | E4: A = n | F4: -- | G4: Load accumulator immediate | H4: 01 07 -> A=7
A5: 2 | B5: 0x02 | C5: LDB #n | D5: 2 | E5: B = n | F5: -- | G5: Load register B immediate | H5: 02 05 -> B=5
A6: 3 | B6: 0x03 | C6: STA @a | D6: 2 | E6: MEM[a]=A | F6: -- | G6: Store A to memory | H6: 03 20 -> MEM[32]=A
A7: 4 | B7: 0x04 | C7: ADD | D7: 1 | E7: A=A+B | F7: Z,C,N | G7: 8-bit add; C on overflow | H7: A=7,B=5 -> A=12
A8: 5 | B8: 0x05 | C8: SUB | D8: 1 | E8: A=A-B | F8: Z,C,N | G8: 8-bit subtract; C on borrow | H8: A=9,B=3 -> A=6
A9: 6 | B9: 0x06 | C9: AND | D9: 1 | E9: A=A AND B | F9: Z | G9: Bitwise AND | H9: 1100 AND 1010 -> 1000
A10: 7 | B10: 0x07 | C10: OR | D10: 1 | E10: A=A OR B | F10: Z | G10: Bitwise OR | H10: 1100 OR 0011 -> 1111
A11: 8 | B11: 0x08 | C11: XOR | D11: 1 | E11: A=A XOR B | F11: Z | G11: Bitwise XOR | H11: 1010 XOR 0110 -> 1100
A12: 9 | B12: 0x09 | C12: INC | D12: 1 | E12: A=A+1 | F12: Z,C,N | G12: Increment A (max 255) | H12: A=4 -> A=5
A13: 10 | B13: 0x0A | C13: DEC | D13: 1 | E13: A=A-1 | F13: Z,N | G13: Decrement A (min 0) | H13: A=3 -> A=2
A14: 11 | B14: 0x0B | C14: JMP @a | D14: 2 | E14: PC=a | F14: -- | G14: Unconditional jump | H14: 0B 10 -> PC=16
... A17: 255 | B17: 0xFF | C17: HLT | D17: 1 | E17: HALT | F17: -- | G17: Halt; all state preserved | H17: FF
A19: SAMPLE PROGRAMS
A20: PROGRAM A -- Countdown 5 to 0 (pre-loaded in RAM)
A21: 0x00 | B21: 0x01 | C21: LDA #5 | D21: A = 5
A22: 0x01 | B22: 0x05 | C22: (arg) | D22: immediate value 5
A23: 0x02 | B23: 0x0A | C23: DEC | D23: A=A-1 sets Z=1 when A=0
A24: 0x03 | B24: 0x0D | C24: JNZ @02 | D24: if Z=0 loop back to address 0x02
A25: 0x04 | B25: 0x02 | C25: (arg) | D25: jump target = 0x02
A26: 0x05 | B26: 0xFF | C26: HLT | D26: stop; A=0 after 5 iterations
A28: PROGRAM B -- Add 7+5=12, store at MEM[0x20] (edit RAM cells 0x00-0x07)
A29: 0x00 | B29: 0x01 | C29: LDA #7 | D29: A=7
A30: 0x01 | B30: 0x07 | C30: (arg) | D30: 7
A31: 0x02 | B31: 0x02 | C31: LDB #5 | D31: B=5
A32: 0x03 | B32: 0x05 | C32: (arg) | D32: 5
A33: 0x04 | B33: 0x04 | C33: ADD | D33: A=A+B=12
A34: 0x05 | B34: 0x03 | C34: STA @32 | D34: MEM[32]=A
A35: 0x06 | B35: 0x20 | C35: (arg) | D35: address 32
A36: 0x07 | B36: 0xFF | C36: HLT | D36: done

Sheet RAM
A1: RAM -- 256-BYTE MEMORY (edit decimal values 0-255 directly)
A2: ADDR | B2: +0 | C2: +1 | D2: +2 | E2: +3 | F2: +4 | G2: +5 | H2: +6 | I2: +7 | J2: +8 | K2: +9 | L2: +A | M2: +B | N2: +C | O2: +D | P2: +E | Q2: +F
A3: 0x00 | B3: 0 | C3: 0 | D3: 0 | E3: 0 | F3: 0 | G3: 0 | H3: 32 | I3: 255 | J3: 0 | K3: 0 | L3: 0 | M3: 0 | N3: 0 | O3: 0 | P3: 0 | Q3: 0
A4: 0x10 | B4: 0 | C4: 0 | D4: 0 | E4: 0 | F4: 0 | G4: 0 | H4: 0 | I4: 0 | J4: 0 | K4: 0 | L4: 0 | M4: 0 | N4: 0 | O4: 0 | P4: 0 | Q4: 0
A5: 0x20 | B5: 0 | C5: 0 | D5: 0 | E5: 0 | F5: 0 | G5: 0 | H5: 0 | I5: 0 | J5: 0 | K5: 0 | L5: 0 | M5: 0 | N5: 0 | O5: 0 | P5: 0 | Q5: 0
A6: 0x30 | B6: 0 | C6: 0 | D6: 0 | E6: 0 | F6: 0 | G6: 0 | H6: 0 | I6: 0 | J6: 0 | K6: 0 | L6: 0 | M6: 0 | N6: 0 | O6: 0 | P6: 0 | Q6: 0
A7: 0x40 | B7: 0 | C7: 0 | D7: 0 | E7: 0 | F7: 0 | G7: 0 | H7: 0 | I7: 0 | J7: 0 | K7: 0 | L7: 0 | M7: 0 | N7: 0 | O7: 0 | P7: 0 | Q7: 0
A8: 0x50 | B8: 0 | C8: 0 | D8: 0 | E8: 0 | F8: 0 | G8: 0 | H8: 0 | I8: 0 | J8: 0 | K8: 0 | L8: 0 | M8: 0 | N8: 0 | O8: 0 | P8: 0 | Q8: 0
A9: 0x60 | B9: 0 | C9: 0 | D9: 0 | E9: 0 | F9: 0 | G9: 0 | H9: 0 | I9: 0 | J9: 0 | K9: 0 | L9: 0 | M9: 0 | N9: 0 | O9: 0 | P9: 0 | Q9: 0
A10: 0x70 | B10: 0 | C10: 0 | D10: 0 | E10: 0 | F10: 0 | G10: 0 | H10: 0 | I10: 0 | J10: 0 | K10: 0 | L10: 0 | M10: 0 | N10: 0 | O10: 0 | P10: 0 | Q10: 0
A11: 0x80 | B11: 0 | C11: 0 | D11: 0 | E11: 0 | F11: 0 | G11: 0 | H11: 0 | I11: 0 | J11: 0 | K11: 0 | L11: 0 | M11: 0 | N11: 0 | O11: 0 | P11: 0 | Q11: 0
A12: 0x90 | B12: 0 | C12: 0 | D12: 0 | E12: 0 | F12: 0 | G12: 0 | H12: 0 | I12: 0 | J12: 0 | K12: 0 | L12: 0 | M12: 0 | N12: 0 | O12: 0 | P12: 0 | Q12: 0
A13: 0xA0 | B13: 0 | C13: 0 | D13: 0 | E13: 0 | F13: 0 | G13: 0 | H13: 0 | I13: 0 | J13: 0 | K13: 0 | L13: 0 | M13: 0 | N13: 0 | O13: 0 | P13: 0 | Q13: 0
A14: 0xB0 | B14: 0 | C14: 0 | D14: 0 | E14: 0 | F14: 0 | G14: 0 | H14: 0 | I14: 0 | J14: 0 | K14: 0 | L14: 0 | M14: 0 | N14: 0 | O14: 0 | P14: 0 | Q14: 0
... A18: 0xF0 | B18: 0 | C18: 0 | D18: 0 | E18: 0 | F18: 0 | G18: 0 | H18: 0 | I18: 0 | J18: 0 | K18: 0 | L18: 0 | M18: 0 | N18: 0 | O18: 0 | P18: 0 | Q18: 0
A21: Edit any cell to load a program. Address = row header + col offset. 0=NOP. See ISA for opcodes.

Sheet CPU ENGINE
A1: CPU ENGINE -- 64-STEP PURE FORMULA EXECUTION | Each row = one clock cycle | Zero VBA
A2: STEP | B2: PC | C2: REG_A | D2: REG_B | E2: REG_SP | F2: FLAG_Z | G2: FLAG_C | H2: FLAG_N | I2: IR | J2: OPERAND | K2: HALTED | L2: MNEMONIC | M2: MEM[0x20] | N2: MEM[0x21] | O2: PC_hex | P2: A_hex | Q2: A_bin
A3: 0 | B3: 0 | C3: 0 | D3: 0 | E3: 255 | F3: 0 | G3: 0 | H3: 0 | I3: {=INDEX(RAM!$B$3:$Q$18,INT(B3/16)+1,MOD(B3,16)+1)} -> 0 | J3: {=IF(B3+1>255,0,INDEX(RAM!$B$3:$Q$18,INT((B3+1)/16)+1,MOD((B3+1),16)+1))} -> 0 | K3: 0 | L3: =switch(I3,0,"NOP",1,"LDA #"&J3,2,"LDB #"&J3,3,"STA @"&TEXT(J3,"0"),4,"ADD",5,"SUB",6,"AND",7,"OR",8,"XOR",9,"INC",10,"DEC",11,"JMP @"&J3,12,"JZ @"&J3,13,"JNZ @"&J3,255,"HLT","???") -> NOP | M3: 0 | N3: 0 | O3: =DEC2HEX(B3,2) -> 00 | P3: =DEC2HEX(C3,2) -> 00 | Q3: =DEC2BIN(C3,8) -> 00000000
A4: 1 | B4: =ifs(K3=1,B3,I3=255,B3,I3=11,J3,I3=12,IF(F3=1,J3,B3+2),I3=13,IF(F3=0,J3,B3+2),OR(I3=1,I3=2,I3=3),B3+2,TRUE(),B3+1) -> 1 | C4: =ifs(K3=1,C3,I3=1,J3,I3=4,MIN(255,C3+D3),I3=5,MAX(0,C3-D3),I3=6,bitand(C3,D3),I3=7,bitor(C3,D3),I3=8,bitxor(C3,D3),I3=9,MIN(255,C3+1),I3=10,MAX(0,C3-1),TRUE(),C3) -> 0 | D4: =ifs(K3=1,D3,I3=2,J3,TRUE(),D3) -> 0 | E4: =ifs(K3=1,E3,TRUE(),E3) -> 255 | F4: =ifs(K3=1,F3,OR(I3=4,I3=5,I3=6,I3=7,I3=8,I3=9,I3=10),IF(C4=0,1,0),TRUE(),F3) -> 0 | G4: =ifs(K3=1,G3,I3=4,IF(C3+D3>255,1,0),I3=5,IF(C3<D3,1,0),I3=9,IF(C3=255,1,0),TRUE(),G3) -> 0 | H4: =ifs(K3=1,H3,OR(I3=4,I3=5,I3=9,I3=10),IF(C4>=128,1,0),TRUE(),H3) -> 0 | I4: {=IF(K4=1,255,INDEX(RAM!$B$3:$Q$18,INT(B4/16)+1,MOD(B4,16)+1))} -> 0 | J4: {=IF(K4=1,0,IF(B4+1>255,0,INDEX(RAM!$B$3:$Q$18,INT((B4+1)/16)+1,MOD((B4+1),16)+1)))} -> 0 | K4: =IF(OR(K3=1,I3=255),1,0) -> 0 | L4: =IF(K4=1,"[HALTED @ 0x"&DEC2HEX(B4,2)&"]",switch(I4,0,"NOP",1,"LDA #"&J4,2,"LDB #"&J4,3,"STA @"&TEXT(J4,"0"),4,"ADD",5,"SUB",6,"AND",7,"OR",8,"XOR",9,"INC",10,"DEC",11,"JMP @"&DEC2HEX(J4,2),12,"JZ @"&DEC2HEX(J4,2),13,"JNZ @"&DEC2HEX(J4,2),255,"HLT","???")) -> NOP | M4: =IF(AND(K3=0,I3=3,J3=32),C3,M3) -> 0 | N4: =IF(AND(K3=0,I3=3,J3=33),C3,N3) -> 0 | O4: =DEC2HEX(B4,2) -> 01 | P4: =DEC2HEX(C4,2) -> 00 | Q4: =DEC2BIN(C4,8) -> 00000000
A5: 2 | B5: =ifs(K4=1,B4,I4=255,B4,I4=11,J4,I4=12,IF(F4=1,J4,B4+2),I4=13,IF(F4=0,J4,B4+2),OR(I4=1,I4=2,I4=3),B4+2,TRUE(),B4+1) -> 2 | C5: =ifs(K4=1,C4,I4=1,J4,I4=4,MIN(255,C4+D4),I4=5,MAX(0,C4-D4),I4=6,bitand(C4,D4),I4=7,bitor(C4,D4),I4=8,bitxor(C4,D4),I4=9,MIN(255,C4+1),I4=10,MAX(0,C4-1),TRUE(),C4) -> 0 | D5: =ifs(K4=1,D4,I4=2,J4,TRUE(),D4) -> 0 | E5: =ifs(K4=1,E4,TRUE(),E4) -> 255 | F5: =ifs(K4=1,F4,OR(I4=4,I4=5,I4=6,I4=7,I4=8,I4=9,I4=10),IF(C5=0,1,0),TRUE(),F4) -> 0 | G5: =ifs(K4=1,G4,I4=4,IF(C4+D4>255,1,0),I4=5,IF(C4<D4,1,0),I4=9,IF(C4=255,1,0),TRUE(),G4) -> 0 | H5: =ifs(K4=1,H4,OR(I4=4,I4=5,I4=9,I4=10),IF(C5>=128,1,0),TRUE(),H4) -> 0 | I5: {=IF(K5=1,255,INDEX(RAM!$B$3:$Q$18,INT(B5/16)+1,MOD(B5,16)+1))} -> 0 | J5: {=IF(K5=1,0,IF(B5+1>255,0,INDEX(RAM!$B$3:$Q$18,INT((B5+1)/16)+1,MOD((B5+1),16)+1)))} -> 0 | K5: =IF(OR(K4=1,I4=255),1,0) -> 0 | L5: =IF(K5=1,"[HALTED @ 0x"&DEC2HEX(B5,2)&"]",switch(I5,0,"NOP",1,"LDA #"&J5,2,"LDB #"&J5,3,"STA @"&TEXT(J5,"0"),4,"ADD",5,"SUB",6,"AND",7,"OR",8,"XOR",9,"INC",10,"DEC",11,"JMP @"&DEC2HEX(J5,2),12,"JZ @"&DEC2HEX(J5,2),13,"JNZ @"&DEC2HEX(J5,2),255,"HLT","???")) -> NOP | M5: =IF(AND(K4=0,I4=3,J4=32),C4,M4) -> 0 | N5: =IF(AND(K4=0,I4=3,J4=33),C4,N4) -> 0 | O5: =DEC2HEX(B5,2) -> 02 | P5: =DEC2HEX(C5,2) -> 00 | Q5: =DEC2BIN(C5,8) -> 00000000
A6: 3 | B6: =ifs(K5=1,B5,I5=255,B5,I5=11,J5,I5=12,IF(F5=1,J5,B5+2),I5=13,IF(F5=0,J5,B5+2),OR(I5=1,I5=2,I5=3),B5+2,TRUE(),B5+1) -> 3 | C6: =ifs(K5=1,C5,I5=1,J5,I5=4,MIN(255,C5+D5),I5=5,MAX(0,C5-D5),I5=6,bitand(C5,D5),I5=7,bitor(C5,D5),I5=8,bitxor(C5,D5),I5=9,MIN(255,C5+1),I5=10,MAX(0,C5-1),TRUE(),C5) -> 0 | D6: =ifs(K5=1,D5,I5=2,J5,TRUE(),D5) -> 0 | E6: =ifs(K5=1,E5,TRUE(),E5) -> 255 | F6: =ifs(K5=1,F5,OR(I5=4,I5=5,I5=6,I5=7,I5=8,I5=9,I5=10),IF(C6=0,1,0),TRUE(),F5) -> 0 | G6: =ifs(K5=1,G5,I5=4,IF(C5+D5>255,1,0),I5=5,IF(C5<D5,1,0),I5=9,IF(C5=255,1,0),TRUE(),G5) -> 0 | H6: =ifs(K5=1,H5,OR(I5=4,I5=5,I5=9,I5=10),IF(C6>=128,1,0),TRUE(),H5) -> 0 | I6: {=IF(K6=1,255,INDEX(RAM!$B$3:$Q$18,INT(B6/16)+1,MOD(B6,16)+1))} -> 0 | J6: {=IF(K6=1,0,IF(B6+1>255,0,INDEX(RAM!$B$3:$Q$18,INT((B6+1)/16)+1,MOD((B6+1),16)+1)))} -> 0 | K6: =IF(OR(K5=1,I5=255),1,0) -> 0 | L6: =IF(K6=1,"[HALTED @ 0x"&DEC2HEX(B6,2)&"]",switch(I6,0,"NOP",1,"LDA #"&J6,2,"LDB #"&J6,3,"STA @"&TEXT(J6,"0"),4,"ADD",5,"SUB",6,"AND",7,"OR",8,"XOR",9,"INC",10,"DEC",11,"JMP @"&DEC2HEX(J6,2),12,"JZ @"&DEC2HEX(J6,2),13,"JNZ @"&DEC2HEX(J6,2),255,"HLT","???")) -> NOP | M6: =IF(AND(K5=0,I5=3,J5=32),C5,M5) -> 0 | N6: =IF(AND(K5=0,I5=3,J5=33),C5,N5) -> 0 | O6: =DEC2HEX(B6,2) -> 03 | P6: =DEC2HEX(C6,2) -> 00 | Q6: =DEC2BIN(C6,8) -> 00000000
A7: 4 | B7: =ifs(K6=1,B6,I6=255,B6,I6=11,J6,I6=12,IF(F6=1,J6,B6+2),I6=13,IF(F6=0,J6,B6+2),OR(I6=1,I6=2,I6=3),B6+2,TRUE(),B6+1) -> 4 | C7: =ifs(K6=1,C6,I6=1,J6,I6=4,MIN(255,C6+D6),I6=5,MAX(0,C6-D6),I6=6,bitand(C6,D6),I6=7,bitor(C6,D6),I6=8,bitxor(C6,D6),I6=9,MIN(255,C6+1),I6=10,MAX(0,C6-1),TRUE(),C6) -> 0 | D7: =ifs(K6=1,D6,I6=2,J6,TRUE(),D6) -> 0 | E7: =ifs(K6=1,E6,TRUE(),E6) -> 255 | F7: =ifs(K6=1,F6,OR(I6=4,I6=5,I6=6,I6=7,I6=8,I6=9,I6=10),IF(C7=0,1,0),TRUE(),F6) -> 0 | G7: =ifs(K6=1,G6,I6=4,IF(C6+D6>255,1,0),I6=5,IF(C6<D6,1,0),I6=9,IF(C6=255,1,0),TRUE(),G6) -> 0 | H7: =ifs(K6=1,H6,OR(I6=4,I6=5,I6=9,I6=10),IF(C7>=128,1,0),TRUE(),H6) -> 0 | I7: {=IF(K7=1,255,INDEX(RAM!$B$3:$Q$18,INT(B7/16)+1,MOD(B7,16)+1))} -> 0 | J7: {=IF(K7=1,0,IF(B7+1>255,0,INDEX(RAM!$B$3:$Q$18,INT((B7+1)/16)+1,MOD((B7+1),16)+1)))} -> 0 | K7: =IF(OR(K6=1,I6=255),1,0) -> 0 | L7: =IF(K7=1,"[HALTED @ 0x"&DEC2HEX(B7,2)&"]",switch(I7,0,"NOP",1,"LDA #"&J7,2,"LDB #"&J7,3,"STA @"&TEXT(J7,"0"),4,"ADD",5,"SUB",6,"AND",7,"OR",8,"XOR",9,"INC",10,"DEC",11,"JMP @"&DEC2HEX(J7,2),12,"JZ @"&DEC2HEX(J7,2),13,"JNZ @"&DEC2HEX(J7,2),255,"HLT","???")) -> NOP | M7: =IF(AND(K6=0,I6=3,J6=32),C6,M6) -> 0 | N7: =IF(AND(K6=0,I6=3,J6=33),C6,N6) -> 0 | O7: =DEC2HEX(B7,2) -> 04 | P7: =DEC2HEX(C7,2) -> 00 | Q7: =DEC2BIN(C7,8) -> 00000000
A8: 5 | B8: =ifs(K7=1,B7,I7=255,B7,I7=11,J7,I7=12,IF(F7=1,J7,B7+2),I7=13,IF(F7=0,J7,B7+2),OR(I7=1,I7=2,I7=3),B7+2,TRUE(),B7+1) -> 5 | C8: =ifs(K7=1,C7,I7=1,J7,I7=4,MIN(255,C7+D7),I7=5,MAX(0,C7-D7),I7=6,bitand(C7,D7),I7=7,bitor(C7,D7),I7=8,bitxor(C7,D7),I7=9,MIN(255,C7+1),I7=10,MAX(0,C7-1),TRUE(),C7) -> 0 | D8: =ifs(K7=1,D7,I7=2,J7,TRUE(),D7) -> 0 | E8: =ifs(K7=1,E7,TRUE(),E7) -> 255 | F8: =ifs(K7=1,F7,OR(I7=4,I7=5,I7=6,I7=7,I7=8,I7=9,I7=10),IF(C8=0,1,0),TRUE(),F7) -> 0 | G8: =ifs(K7=1,G7,I7=4,IF(C7+D7>255,1,0),I7=5,IF(C7<D7,1,0),I7=9,IF(C7=255,1,0),TRUE(),G7) -> 0 | H8: =ifs(K7=1,H7,OR(I7=4,I7=5,I7=9,I7=10),IF(C8>=128,1,0),TRUE(),H7) -> 0 | I8: {=IF(K8=1,255,INDEX(RAM!$B$3:$Q$18,INT(B8/16)+1,MOD(B8,16)+1))} -> 0 | J8: {=IF(K8=1,0,IF(B8+1>255,0,INDEX(RAM!$B$3:$Q$18,INT((B8+1)/16)+1,MOD((B8+1),16)+1)))} -> 32 | K8: =IF(OR(K7=1,I7=255),1,0) -> 0 | L8: =IF(K8=1,"[HALTED @ 0x"&DEC2HEX(B8,2)&"]",switch(I8,0,"NOP",1,"LDA #"&J8,2,"LDB #"&J8,3,"STA @"&TEXT(J8,"0"),4,"ADD",5,"SUB",6,"AND",7,"OR",8,"XOR",9,"INC",10,"DEC",11,"JMP @"&DEC2HEX(J8,2),12,"JZ @"&DEC2HEX(J8,2),13,"JNZ @"&DEC2HEX(J8,2),255,"HLT","???")) -> NOP | M8: =IF(AND(K7=0,I7=3,J7=32),C7,M7) -> 0 | N8: =IF(AND(K7=0,I7=3,J7=33),C7,N7) -> 0 | O8: =DEC2HEX(B8,2) -> 05 | P8: =DEC2HEX(C8,2) -> 00 | Q8: =DEC2BIN(C8,8) -> 00000000
A9: 6 | B9: =ifs(K8=1,B8,I8=255,B8,I8=11,J8,I8=12,IF(F8=1,J8,B8+2),I8=13,IF(F8=0,J8,B8+2),OR(I8=1,I8=2,I8=3),B8+2,TRUE(),B8+1) -> 6 | C9: =ifs(K8=1,C8,I8=1,J8,I8=4,MIN(255,C8+D8),I8=5,MAX(0,C8-D8),I8=6,bitand(C8,D8),I8=7,bitor(C8,D8),I8=8,bitxor(C8,D8),I8=9,MIN(255,C8+1),I8=10,MAX(0,C8-1),TRUE(),C8) -> 0 | D9: =ifs(K8=1,D8,I8=2,J8,TRUE(),D8) -> 0 | E9: =ifs(K8=1,E8,TRUE(),E8) -> 255 | F9: =ifs(K8=1,F8,OR(I8=4,I8=5,I8=6,I8=7,I8=8,I8=9,I8=10),IF(C9=0,1,0),TRUE(),F8) -> 0 | G9: =ifs(K8=1,G8,I8=4,IF(C8+D8>255,1,0),I8=5,IF(C8<D8,1,0),I8=9,IF(C8=255,1,0),TRUE(),G8) -> 0 | H9: =ifs(K8=1,H8,OR(I8=4,I8=5,I8=9,I8=10),IF(C9>=128,1,0),TRUE(),H8) -> 0 | I9: {=IF(K9=1,255,INDEX(RAM!$B$3:$Q$18,INT(B9/16)+1,MOD(B9,16)+1))} -> 32 | J9: {=IF(K9=1,0,IF(B9+1>255,0,INDEX(RAM!$B$3:$Q$18,INT((B9+1)/16)+1,MOD((B9+1),16)+1)))} -> 255 | K9: =IF(OR(K8=1,I8=255),1,0) -> 0 | L9: =IF(K9=1,"[HALTED @ 0x"&DEC2HEX(B9,2)&"]",switch(I9,0,"NOP",1,"LDA #"&J9,2,"LDB #"&J9,3,"STA @"&TEXT(J9,"0"),4,"ADD",5,"SUB",6,"AND",7,"OR",8,"XOR",9,"INC",10,"DEC",11,"JMP @"&DEC2HEX(J9,2),12,"JZ @"&DEC2HEX(J9,2),13,"JNZ @"&DEC2HEX(J9,2),255,"HLT","???")) -> ??? | M9: =IF(AND(K8=0,I8=3,J8=32),C8,M8) -> 0 | N9: =IF(AND(K8=0,I8=3,J8=33),C8,N8) -> 0 | O9: =DEC2HEX(B9,2) -> 06 | P9: =DEC2HEX(C9,2) -> 00 | Q9: =DEC2BIN(C9,8) -> 00000000
A10: 7 | B10: =ifs(K9=1,B9,I9=255,B9,I9=11,J9,I9=12,IF(F9=1,J9,B9+2),I9=13,IF(F9=0,J9,B9+2),OR(I9=1,I9=2,I9=3),B9+2,TRUE(),B9+1) -> 7 | C10: =ifs(K9=1,C9,I9=1,J9,I9=4,MIN(255,C9+D9),I9=5,MAX(0,C9-D9),I9=6,bitand(C9,D9),I9=7,bitor(C9,D9),I9=8,bitxor(C9,D9),I9=9,MIN(255,C9+1),I9=10,MAX(0,C9-1),TRUE(),C9) -> 0 | D10: =ifs(K9=1,D9,I9=2,J9,TRUE(),D9) -> 0 | E10: =ifs(K9=1,E9,TRUE(),E9) -> 255 | F10: =ifs(K9=1,F9,OR(I9=4,I9=5,I9=6,I9=7,I9=8,I9=9,I9=10),IF(C10=0,1,0),TRUE(),F9) -> 0 | G10: =ifs(K9=1,G9,I9=4,IF(C9+D9>255,1,0),I9=5,IF(C9<D9,1,0),I9=9,IF(C9=255,1,0),TRUE(),G9) -> 0 | H10: =ifs(K9=1,H9,OR(I9=4,I9=5,I9=9,I9=10),IF(C10>=128,1,0),TRUE(),H9) -> 0 | I10: {=IF(K10=1,255,INDEX(RAM!$B$3:$Q$18,INT(B10/16)+1,MOD(B10,16)+1))} -> 255 | J10: {=IF(K10=1,0,IF(B10+1>255,0,INDEX(RAM!$B$3:$Q$18,INT((B10+1)/16)+1,MOD((B10+1),16)+1)))} -> 0 | K10: =IF(OR(K9=1,I9=255),1,0) -> 0 | L10: =IF(K10=1,"[HALTED @ 0x"&DEC2HEX(B10,2)&"]",switch(I10,0,"NOP",1,"LDA #"&J10,2,"LDB #"&J10,3,"STA @"&TEXT(J10,"0"),4,"ADD",5,"SUB",6,"AND",7,"OR",8,"XOR",9,"INC",10,"DEC",11,"JMP @"&DEC2HEX(J10,2),12,"JZ @"&DEC2HEX(J10,2),13,"JNZ @"&DEC2HEX(J10,2),255,"HLT","???")) -> HLT | M10: =IF(AND(K9=0,I9=3,J9=32),C9,M9) -> 0 | N10: =IF(AND(K9=0,I9=3,J9=33),C9,N9) -> 0 | O10: =DEC2HEX(B10,2) -> 07 | P10: =DEC2HEX(C10,2) -> 00 | Q10: =DEC2BIN(C10,8) -> 00000000
A11: 8 | B11: =ifs(K10=1,B10,I10=255,B10,I10=11,J10,I10=12,IF(F10=1,J10,B10+2),I10=13,IF(F10=0,J10,B10+2),OR(I10=1,I10=2,I10=3),B10+2,TRUE(),B10+1) -> 7 | C11: =ifs(K10=1,C10,I10=1,J10,I10=4,MIN(255,C10+D10),I10=5,MAX(0,C10-D10),I10=6,bitand(C10,D10),I10=7,bitor(C10,D10),I10=8,bitxor(C10,D10),I10=9,MIN(255,C10+1),I10=10,MAX(0,C10-1),TRUE(),C10) -> 0 | D11: =ifs(K10=1,D10,I10=2,J10,TRUE(),D10) -> 0 | E11: =ifs(K10=1,E10,TRUE(),E10) -> 255 | F11: =ifs(K10=1,F10,OR(I10=4,I10=5,I10=6,I10=7,I10=8,I10=9,I10=10),IF(C11=0,1,0),TRUE(),F10) -> 0 | G11: =ifs(K10=1,G10,I10=4,IF(C10+D10>255,1,0),I10=5,IF(C10<D10,1,0),I10=9,IF(C10=255,1,0),TRUE(),G10) -> 0 | H11: =ifs(K10=1,H10,OR(I10=4,I10=5,I10=9,I10=10),IF(C11>=128,1,0),TRUE(),H10) -> 0 | I11: {=IF(K11=1,255,INDEX(RAM!$B$3:$Q$18,INT(B11/16)+1,MOD(B11,16)+1))} -> 255 | J11: {=IF(K11=1,0,IF(B11+1>255,0,INDEX(RAM!$B$3:$Q$18,INT((B11+1)/16)+1,MOD((B11+1),16)+1)))} -> 0 | K11: =IF(OR(K10=1,I10=255),1,0) -> 1 | L11: =IF(K11=1,"[HALTED @ 0x"&DEC2HEX(B11,2)&"]",switch(I11,0,"NOP",1,"LDA #"&J11,2,"LDB #"&J11,3,"STA @"&TEXT(J11,"0"),4,"ADD",5,"SUB",6,"AND",7,"OR",8,"XOR",9,"INC",10,"DEC",11,"JMP @"&DEC2HEX(J11,2),12,"JZ @"&DEC2HEX(J11,2),13,"JNZ @"&DEC2HEX(J11,2),255,"HLT","???")) -> [HALTED @ 0x07] | M11: =IF(AND(K10=0,I10=3,J10=32),C10,M10) -> 0 | N11: =IF(AND(K10=0,I10=3,J10=33),C10,N10) -> 0 | O11: =DEC2HEX(B11,2) -> 07 | P11: =DEC2HEX(C11,2) -> 00 | Q11: =DEC2BIN(C11,8) -> 00000000
A12: 9 | B12: =ifs(K11=1,B11,I11=255,B11,I11=11,J11,I11=12,IF(F11=1,J11,B11+2),I11=13,IF(F11=0,J11,B11+2),OR(I11=1,I11=2,I11=3),B11+2,TRUE(),B11+1) -> 7 | C12: =ifs(K11=1,C11,I11=1,J11,I11=4,MIN(255,C11+D11),I11=5,MAX(0,C11-D11),I11=6,bitand(C11,D11),I11=7,bitor(C11,D11),I11=8,bitxor(C11,D11),I11=9,MIN(255,C11+1),I11=10,MAX(0,C11-1),TRUE(),C11) -> 0 | D12: =ifs(K11=1,D11,I11=2,J11,TRUE(),D11) -> 0 | E12: =ifs(K11=1,E11,TRUE(),E11) -> 255 | F12: =ifs(K11=1,F11,OR(I11=4,I11=5,I11=6,I11=7,I11=8,I11=9,I11=10),IF(C12=0,1,0),TRUE(),F11) -> 0 | G12: =ifs(K11=1,G11,I11=4,IF(C11+D11>255,1,0),I11=5,IF(C11<D11,1,0),I11=9,IF(C11=255,1,0),TRUE(),G11) -> 0 | H12: =ifs(K11=1,H11,OR(I11=4,I11=5,I11=9,I11=10),IF(C12>=128,1,0),TRUE(),H11) -> 0 | I12: {=IF(K12=1,255,INDEX(RAM!$B$3:$Q$18,INT(B12/16)+1,MOD(B12,16)+1))} -> 255 | J12: {=IF(K12=1,0,IF(B12+1>255,0,INDEX(RAM!$B$3:$Q$18,INT((B12+1)/16)+1,MOD((B12+1),16)+1)))} -> 0 | K12: =IF(OR(K11=1,I11=255),1,0) -> 1 | L12: =IF(K12=1,"[HALTED @ 0x"&DEC2HEX(B12,2)&"]",switch(I12,0,"NOP",1,"LDA #"&J12,2,"LDB #"&J12,3,"STA @"&TEXT(J12,"0"),4,"ADD",5,"SUB",6,"AND",7,"OR",8,"XOR",9,"INC",10,"DEC",11,"JMP @"&DEC2HEX(J12,2),12,"JZ @"&DEC2HEX(J12,2),13,"JNZ @"&DEC2HEX(J12,2),255,"HLT","???")) -> [HALTED @ 0x07] | M12: =IF(AND(K11=0,I11=3,J11=32),C11,M11) -> 0 | N12: =IF(AND(K11=0,I11=3,J11=33),C11,N11) -> 0 | O12: =DEC2HEX(B12,2) -> 07 | P12: =DEC2HEX(C12,2) -> 00 | Q12: =DEC2BIN(C12,8) -> 00000000
A13: 10 | B13: =ifs(K12=1,B12,I12=255,B12,I12=11,J12,I12=12,IF(F12=1,J12,B12+2),I12=13,IF(F12=0,J12,B12+2),OR(I12=1,I12=2,I12=3),B12+2,TRUE(),B12+1) -> 7 | C13: =ifs(K12=1,C12,I12=1,J12,I12=4,MIN(255,C12+D12),I12=5,MAX(0,C12-D12),I12=6,bitand(C12,D12),I12=7,bitor(C12,D12),I12=8,bitxor(C12,D12),I12=9,MIN(255,C12+1),I12=10,MAX(0,C12-1),TRUE(),C12) -> 0 | D13: =ifs(K12=1,D12,I12=2,J12,TRUE(),D12) -> 0 | E13: =ifs(K12=1,E12,TRUE(),E12) -> 255 | F13: =ifs(K12=1,F12,OR(I12=4,I12=5,I12=6,I12=7,I12=8,I12=9,I12=10),IF(C13=0,1,0),TRUE(),F12) -> 0 | G13: =ifs(K12=1,G12,I12=4,IF(C12+D12>255,1,0),I12=5,IF(C12<D12,1,0),I12=9,IF(C12=255,1,0),TRUE(),G12) -> 0 | H13: =ifs(K12=1,H12,OR(I12=4,I12=5,I12=9,I12=10),IF(C13>=128,1,0),TRUE(),H12) -> 0 | I13: {=IF(K13=1,255,INDEX(RAM!$B$3:$Q$18,INT(B13/16)+1,MOD(B13,16)+1))} -> 255 | J13: {=IF(K13=1,0,IF(B13+1>255,0,INDEX(RAM!$B$3:$Q$18,INT((B13+1)/16)+1,MOD((B13+1),16)+1)))} -> 0 | K13: =IF(OR(K12=1,I12=255),1,0) -> 1 | L13: =IF(K13=1,"[HALTED @ 0x"&DEC2HEX(B13,2)&"]",switch(I13,0,"NOP",1,"LDA #"&J13,2,"LDB #"&J13,3,"STA @"&TEXT(J13,"0"),4,"ADD",5,"SUB",6,"AND",7,"OR",8,"XOR",9,"INC",10,"DEC",11,"JMP @"&DEC2HEX(J13,2),12,"JZ @"&DEC2HEX(J13,2),13,"JNZ @"&DEC2HEX(J13,2),255,"HLT","???")) -> [HALTED @ 0x07] | M13: =IF(AND(K12=0,I12=3,J12=32),C12,M12) -> 0 | N13: =IF(AND(K12=0,I12=3,J12=33),C12,N12) -> 0 | O13: =DEC2HEX(B13,2) -> 07 | P13: =DEC2HEX(C13,2) -> 00 | Q13: =DEC2BIN(C13,8) -> 00000000
A14: 11 | B14: =ifs(K13=1,B13,I13=255,B13,I13=11,J13,I13=12,IF(F13=1,J13,B13+2),I13=13,IF(F13=0,J13,B13+2),OR(I13=1,I13=2,I13=3),B13+2,TRUE(),B13+1) -> 7 | C14: =ifs(K13=1,C13,I13=1,J13,I13=4,MIN(255,C13+D13),I13=5,MAX(0,C13-D13),I13=6,bitand(C13,D13),I13=7,bitor(C13,D13),I13=8,bitxor(C13,D13),I13=9,MIN(255,C13+1),I13=10,MAX(0,C13-1),TRUE(),C13) -> 0 | D14: =ifs(K13=1,D13,I13=2,J13,TRUE(),D13) -> 0 | E14: =ifs(K13=1,E13,TRUE(),E13) -> 255 | F14: =ifs(K13=1,F13,OR(I13=4,I13=5,I13=6,I13=7,I13=8,I13=9,I13=10),IF(C14=0,1,0),TRUE(),F13) -> 0 | G14: =ifs(K13=1,G13,I13=4,IF(C13+D13>255,1,0),I13=5,IF(C13<D13,1,0),I13=9,IF(C13=255,1,0),TRUE(),G13) -> 0 | H14: =ifs(K13=1,H13,OR(I13=4,I13=5,I13=9,I13=10),IF(C14>=128,1,0),TRUE(),H13) -> 0 | I14: {=IF(K14=1,255,INDEX(RAM!$B$3:$Q$18,INT(B14/16)+1,MOD(B14,16)+1))} -> 255 | J14: {=IF(K14=1,0,IF(B14+1>255,0,INDEX(RAM!$B$3:$Q$18,INT((B14+1)/16)+1,MOD((B14+1),16)+1)))} -> 0 | K14: =IF(OR(K13=1,I13=255),1,0) -> 1 | L14: =IF(K14=1,"[HALTED @ 0x"&DEC2HEX(B14,2)&"]",switch(I14,0,"NOP",1,"LDA #"&J14,2,"LDB #"&J14,3,"STA @"&TEXT(J14,"0"),4,"ADD",5,"SUB",6,"AND",7,"OR",8,"XOR",9,"INC",10,"DEC",11,"JMP @"&DEC2HEX(J14,2),12,"JZ @"&DEC2HEX(J14,2),13,"JNZ @"&DEC2HEX(J14,2),255,"HLT","???")) -> [HALTED @ 0x07] | M14: =IF(AND(K13=0,I13=3,J13=32),C13,M13) -> 0 | N14: =IF(AND(K13=0,I13=3,J13=33),C13,N13) -> 0 | O14: =DEC2HEX(B14,2) -> 07 | P14: =DEC2HEX(C14,2) -> 00 | Q14: =DEC2BIN(C14,8) -> 00000000
A15: 12 | B15: =ifs(K14=1,B14,I14=255,B14,I14=11,J14,I14=12,IF(F14=1,J14,B14+2),I14=13,IF(F14=0,J14,B14+2),OR(I14=1,I14=2,I14=3),B14+2,TRUE(),B14+1) -> 7 | C15: =ifs(K14=1,C14,I14=1,J14,I14=4,MIN(255,C14+D14),I14=5,MAX(0,C14-D14),I14=6,bitand(C14,D14),I14=7,bitor(C14,D14),I14=8,bitxor(C14,D14),I14=9,MIN(255,C14+1),I14=10,MAX(0,C14-1),TRUE(),C14) -> 0 | D15: =ifs(K14=1,D14,I14=2,J14,TRUE(),D14) -> 0 | E15: =ifs(K14=1,E14,TRUE(),E14) -> 255 | F15: =ifs(K14=1,F14,OR(I14=4,I14=5,I14=6,I14=7,I14=8,I14=9,I14=10),IF(C15=0,1,0),TRUE(),F14) -> 0 | G15: =ifs(K14=1,G14,I14=4,IF(C14+D14>255,1,0),I14=5,IF(C14<D14,1,0),I14=9,IF(C14=255,1,0),TRUE(),G14) -> 0 | H15: =ifs(K14=1,H14,OR(I14=4,I14=5,I14=9,I14=10),IF(C15>=128,1,0),TRUE(),H14) -> 0 | I15: {=IF(K15=1,255,INDEX(RAM!$B$3:$Q$18,INT(B15/16)+1,MOD(B15,16)+1))} -> 255 | J15: {=IF(K15=1,0,IF(B15+1>255,0,INDEX(RAM!$B$3:$Q$18,INT((B15+1)/16)+1,MOD((B15+1),16)+1)))} -> 0 | K15: =IF(OR(K14=1,I14=255),1,0) -> 1 | L15: =IF(K15=1,"[HALTED @ 0x"&DEC2HEX(B15,2)&"]",switch(I15,0,"NOP",1,"LDA #"&J15,2,"LDB #"&J15,3,"STA @"&TEXT(J15,"0"),4,"ADD",5,"SUB",6,"AND",7,"OR",8,"XOR",9,"INC",10,"DEC",11,"JMP @"&DEC2HEX(J15,2),12,"JZ @"&DEC2HEX(J15,2),13,"JNZ @"&DEC2HEX(J15,2),255,"HLT","???")) -> [HALTED @ 0x07] | M15: =IF(AND(K14=0,I14=3,J14=32),C14,M14) -> 0 | N15: =IF(AND(K14=0,I14=3,J14=33),C14,N14) -> 0 | O15: =DEC2HEX(B15,2) -> 07 | P15: =DEC2HEX(C15,2) -> 00 | Q15: =DEC2BIN(C15,8) -> 00000000
... A66: 63 | B66: =ifs(K65=1,B65,I65=255,B65,I65=11,J65,I65=12,IF(F65=1,J65,B65+2),I65=13,IF(F65=0,J65,B65+2),OR(I65=1,I65=2,I65=3),B65+2,TRUE(),B65+1) -> 7 | C66: =ifs(K65=1,C65,I65=1,J65,I65=4,MIN(255,C65+D65),I65=5,MAX(0,C65-D65),I65=6,bitand(C65,D65),I65=7,bitor(C65,D65),I65=8,bitxor(C65,D65),I65=9,MIN(255,C65+1),I65=10,MAX(0,C65-1),TRUE(),C65) -> 0 | D66: =ifs(K65=1,D65,I65=2,J65,TRUE(),D65) -> 0 | E66: =ifs(K65=1,E65,TRUE(),E65) -> 255 | F66: =ifs(K65=1,F65,OR(I65=4,I65=5,I65=6,I65=7,I65=8,I65=9,I65=10),IF(C66=0,1,0),TRUE(),F65) -> 0 | G66: =ifs(K65=1,G65,I65=4,IF(C65+D65>255,1,0),I65=5,IF(C65<D65,1,0),I65=9,IF(C65=255,1,0),TRUE(),G65) -> 0 | H66: =ifs(K65=1,H65,OR(I65=4,I65=5,I65=9,I65=10),IF(C66>=128,1,0),TRUE(),H65) -> 0 | I66: {=IF(K66=1,255,INDEX(RAM!$B$3:$Q$18,INT(B66/16)+1,MOD(B66,16)+1))} -> 255 | J66: {=IF(K66=1,0,IF(B66+1>255,0,INDEX(RAM!$B$3:$Q$18,INT((B66+1)/16)+1,MOD((B66+1),16)+1)))} -> 0 | K66: =IF(OR(K65=1,I65=255),1,0) -> 1 | L66: =IF(K66=1,"[HALTED @ 0x"&DEC2HEX(B66,2)&"]",switch(I66,0,"NOP",1,"LDA #"&J66,2,"LDB #"&J66,3,"STA @"&TEXT(J66,"0"),4,"ADD",5,"SUB",6,"AND",7,"OR",8,"XOR",9,"INC",10,"DEC",11,"JMP @"&DEC2HEX(J66,2),12,"JZ @"&DEC2HEX(J66,2),13,"JNZ @"&DEC2HEX(J66,2),255,"HLT","???")) -> [HALTED @ 0x07] | M66: =IF(AND(K65=0,I65=3,J65=32),C65,M65) -> 0 | N66: =IF(AND(K65=0,I65=3,J65=33),C65,N65) -> 0 | O66: =DEC2HEX(B66,2) -> 07 | P66: =DEC2HEX(C66,2) -> 00 | Q66: =DEC2BIN(C66,8) -> 00000000

Sheet ALU
A1: ALU -- ARITHMETIC & LOGIC UNIT | Change A and B inputs to explore all 8 operations
B3: INPUT A (0-255): | E3: 7 | G3: INPUT B (0-255): | J3: 5
B4: A binary: | E4: =DEC2BIN(E3,8) -> 00000111 | G4: B binary: | J4: =DEC2BIN(J3,8) -> 00000101
B6: OP | C6: DESCRIPTION | D6: RESULT (dec) | E6: RESULT (hex) | F6: RESULT (bin8) | G6: FLAG_Z | H6: FLAG_C | I6: FLAG_N
B7: ADD | C7: A + B | D7: =MIN(255,E3+J3) -> 12 | E7: =DEC2HEX(D7,2) -> 0C | F7: =DEC2BIN(D7,8) -> 00001100 | G7: =IF(D7=0,1,0) -> 0 | H7: =IF(E3+J3>255,1,0) -> 0 | I7: =IF(D7>=128,1,0) -> 0
B8: SUB | C8: A - B | D8: =MAX(0,E3-J3) -> 2 | E8: =DEC2HEX(D8,2) -> 02 | F8: =DEC2BIN(D8,8) -> 00000010 | G8: =IF(D8=0,1,0) -> 0 | H8: =IF(E3<J3,1,0) -> 0 | I8: =IF(D8>=128,1,0) -> 0
B9: AND | C9: A AND B | D9: =bitand(E3,J3) -> 5 | E9: =DEC2HEX(D9,2) -> 05 | F9: =DEC2BIN(D9,8) -> 00000101 | G9: =IF(D9=0,1,0) -> 0 | H9: 0 | I9: =IF(D9>=128,1,0) -> 0
B10: OR | C10: A OR B | D10: =bitor(E3,J3) -> 7 | E10: =DEC2HEX(D10,2) -> 07 | F10: =DEC2BIN(D10,8) -> 00000111 | G10: =IF(D10=0,1,0) -> 0 | H10: 0 | I10: =IF(D10>=128,1,0) -> 0
B11: XOR | C11: A XOR B | D11: =bitxor(E3,J3) -> 2 | E11: =DEC2HEX(D11,2) -> 02 | F11: =DEC2BIN(D11,8) -> 00000010 | G11: =IF(D11=0,1,0) -> 0 | H11: 0 | I11: =IF(D11>=128,1,0) -> 0
B12: INC | C12: A + 1 | D12: =MIN(255,E3+1) -> 8 | E12: =DEC2HEX(D12,2) -> 08 | F12: =DEC2BIN(D12,8) -> 00001000 | G12: =IF(D12=0,1,0) -> 0 | H12: =IF(E3=255,1,0) -> 0 | I12: =IF(D12>=128,1,0) -> 0
B13: DEC | C13: A - 1 | D13: =MAX(0,E3-1) -> 6 | E13: =DEC2HEX(D13,2) -> 06 | F13: =DEC2BIN(D13,8) -> 00000110 | G13: =IF(D13=0,1,0) -> 0 | H13: 0 | I13: =IF(D13>=128,1,0) -> 0
B14: NOT | C14: 255 - A | D14: =255-E3 -> 248 | E14: =DEC2HEX(D14,2) -> F8 | F14: =DEC2BIN(D14,8) -> 11111000 | G14: =IF(D14=0,1,0) -> 0 | H14: 0 | I14: =IF(D14>=128,1,0) -> 1
B17: BIT-BY-BIT BREAKDOWN OF A
B18: BIT7(MSB) | C18: BIT6 | D18: BIT5 | E18: BIT4 | F18: BIT3 | G18: BIT2 | H18: BIT1 | I18: BIT0(LSB)
B19: =MOD(INT(E3/128),2) -> 0 | C19: =MOD(INT(E3/64),2) -> 0 | D19: =MOD(INT(E3/32),2) -> 0 | E19: =MOD(INT(E3/16),2) -> 0 | F19: =MOD(INT(E3/8),2) -> 0 | G19: =MOD(INT(E3/4),2) -> 1 | H19: =MOD(INT(E3/2),2) -> 1 | I19: =MOD(INT(E3/1),2) -> 1
B20: =E3&" decimal = 0x"&DEC2HEX(E3,2)&" = "&DEC2BIN(E3,8)&" binary" -> 7 decimal = 0x07 = 00000111 binary

Sheet ASSEMBLER
A1: ASSEMBLER HELPER | Type mnemonics, get byte values to copy into RAM
K2: MNEMONIC | L2: OPCODE
A3: LINE | B3: MNEMONIC | C3: ARG (decimal) | D3: OPCODE | E3: ARG BYTE | F3: SIZE | G3: STATUS | K3: NOP | L3: 0
A4: 1 | B4: LDA | C4: 7 | D4: =IF(B4="","--",IFERROR(VLOOKUP(UPPER(B4),$K$3:$L$17,2,0),"ERR")) -> 1 | E4: =IF(C4="","--",TEXT(C4,"0")) -> 7 | F4: =IF(B4="","--",IF(ISNUMBER(MATCH(UPPER(B4),{"LDA","LDB","STA","JMP","JZ","JNZ"},0)),"2 bytes","1 byte")) -> 2 bytes | G4: =IF(B4="","--",IF(ISERROR(VLOOKUP(UPPER(B4),$K$3:$L$17,2,0)),"ERR: unknown","OK")) -> OK | K4: LDA | L4: 1
A5: 2 | B5: LDB | C5: 5 | D5: =IF(B5="","--",IFERROR(VLOOKUP(UPPER(B5),$K$3:$L$17,2,0),"ERR")) -> 2 | E5: =IF(C5="","--",TEXT(C5,"0")) -> 5 | F5: =IF(B5="","--",IF(ISNUMBER(MATCH(UPPER(B5),{"LDA","LDB","STA","JMP","JZ","JNZ"},0)),"2 bytes","1 byte")) -> 2 bytes | G5: =IF(B5="","--",IF(ISERROR(VLOOKUP(UPPER(B5),$K$3:$L$17,2,0)),"ERR: unknown","OK")) -> OK | K5: LDB | L5: 2
A6: 3 | B6: ADD | D6: =IF(B6="","--",IFERROR(VLOOKUP(UPPER(B6),$K$3:$L$17,2,0),"ERR")) -> 4 | E6: =IF(C6="","--",TEXT(C6,"0")) -> -- | F6: =IF(B6="","--",IF(ISNUMBER(MATCH(UPPER(B6),{"LDA","LDB","STA","JMP","JZ","JNZ"},0)),"2 bytes","1 byte")) -> 1 byte | G6: =IF(B6="","--",IF(ISERROR(VLOOKUP(UPPER(B6),$K$3:$L$17,2,0)),"ERR: unknown","OK")) -> OK | K6: STA | L6: 3
A7: 4 | B7: STA | C7: 32 | D7: =IF(B7="","--",IFERROR(VLOOKUP(UPPER(B7),$K$3:$L$17,2,0),"ERR")) -> 3 | E7: =IF(C7="","--",TEXT(C7,"0")) -> 32 | F7: =IF(B7="","--",IF(ISNUMBER(MATCH(UPPER(B7),{"LDA","LDB","STA","JMP","JZ","JNZ"},0)),"2 bytes","1 byte")) -> 2 bytes | G7: =IF(B7="","--",IF(ISERROR(VLOOKUP(UPPER(B7),$K$3:$L$17,2,0)),"ERR: unknown","OK")) -> OK | K7: ADD | L7: 4
A8: 5 | B8: HLT | D8: =IF(B8="","--",IFERROR(VLOOKUP(UPPER(B8),$K$3:$L$17,2,0),"ERR")) -> 255 | E8: =IF(C8="","--",TEXT(C8,"0")) -> -- | F8: =IF(B8="","--",IF(ISNUMBER(MATCH(UPPER(B8),{"LDA","LDB","STA","JMP","JZ","JNZ"},0)),"2 bytes","1 byte")) -> 1 byte | G8: =IF(B8="","--",IF(ISERROR(VLOOKUP(UPPER(B8),$K$3:$L$17,2,0)),"ERR: unknown","OK")) -> OK | K8: SUB | L8: 5
A9: 6 | D9: =IF(B9="","--",IFERROR(VLOOKUP(UPPER(B9),$K$3:$L$17,2,0),"ERR")) -> -- | E9: =IF(C9="","--",TEXT(C9,"0")) -> -- | F9: =IF(B9="","--",IF(ISNUMBER(MATCH(UPPER(B9),{"LDA","LDB","STA","JMP","JZ","JNZ"},0)),"2 bytes","1 byte")) -> -- | G9: =IF(B9="","--",IF(ISERROR(VLOOKUP(UPPER(B9),$K$3:$L$17,2,0)),"ERR: unknown","OK")) -> -- | K9: AND | L9: 6
A10: 7 | D10: =IF(B10="","--",IFERROR(VLOOKUP(UPPER(B10),$K$3:$L$17,2,0),"ERR")) -> -- | E10: =IF(C10="","--",TEXT(C10,"0")) -> -- | F10: =IF(B10="","--",IF(ISNUMBER(MATCH(UPPER(B10),{"LDA","LDB","STA","JMP","JZ","JNZ"},0)),"2 bytes","1 byte")) -> -- | G10: =IF(B10="","--",IF(ISERROR(VLOOKUP(UPPER(B10),$K$3:$L$17,2,0)),"ERR: unknown","OK")) -> -- | K10: OR | L10: 7
A11: 8 | D11: =IF(B11="","--",IFERROR(VLOOKUP(UPPER(B11),$K$3:$L$17,2,0),"ERR")) -> -- | E11: =IF(C11="","--",TEXT(C11,"0")) -> -- | F11: =IF(B11="","--",IF(ISNUMBER(MATCH(UPPER(B11),{"LDA","LDB","STA","JMP","JZ","JNZ"},0)),"2 bytes","1 byte")) -> -- | G11: =IF(B11="","--",IF(ISERROR(VLOOKUP(UPPER(B11),$K$3:$L$17,2,0)),"ERR: unknown","OK")) -> -- | K11: XOR | L11: 8
A12: 9 | D12: =IF(B12="","--",IFERROR(VLOOKUP(UPPER(B12),$K$3:$L$17,2,0),"ERR")) -> -- | E12: =IF(C12="","--",TEXT(C12,"0")) -> -- | F12: =IF(B12="","--",IF(ISNUMBER(MATCH(UPPER(B12),{"LDA","LDB","STA","JMP","JZ","JNZ"},0)),"2 bytes","1 byte")) -> -- | G12: =IF(B12="","--",IF(ISERROR(VLOOKUP(UPPER(B12),$K$3:$L$17,2,0)),"ERR: unknown","OK")) -> -- | K12: INC | L12: 9
A13: 10 | D13: =IF(B13="","--",IFERROR(VLOOKUP(UPPER(B13),$K$3:$L$17,2,0),"ERR")) -> -- | E13: =IF(C13="","--",TEXT(C13,"0")) -> -- | F13: =IF(B13="","--",IF(ISNUMBER(MATCH(UPPER(B13),{"LDA","LDB","STA","JMP","JZ","JNZ"},0)),"2 bytes","1 byte")) -> -- | G13: =IF(B13="","--",IF(ISERROR(VLOOKUP(UPPER(B13),$K$3:$L$17,2,0)),"ERR: unknown","OK")) -> -- | K13: DEC | L13: 10
A14: 11 | D14: =IF(B14="","--",IFERROR(VLOOKUP(UPPER(B14),$K$3:$L$17,2,0),"ERR")) -> -- | E14: =IF(C14="","--",TEXT(C14,"0")) -> -- | F14: =IF(B14="","--",IF(ISNUMBER(MATCH(UPPER(B14),{"LDA","LDB","STA","JMP","JZ","JNZ"},0)),"2 bytes","1 byte")) -> -- | G14: =IF(B14="","--",IF(ISERROR(VLOOKUP(UPPER(B14),$K$3:$L$17,2,0)),"ERR: unknown","OK")) -> -- | K14: JMP | L14: 11
A15: 12 | D15: =IF(B15="","--",IFERROR(VLOOKUP(UPPER(B15),$K$3:$L$17,2,0),"ERR")) -> -- | E15: =IF(C15="","--",TEXT(C15,"0")) -> -- | F15: =IF(B15="","--",IF(ISNUMBER(MATCH(UPPER(B15),{"LDA","LDB","STA","JMP","JZ","JNZ"},0)),"2 bytes","1 byte")) -> -- | G15: =IF(B15="","--",IF(ISERROR(VLOOKUP(UPPER(B15),$K$3:$L$17,2,0)),"ERR: unknown","OK")) -> -- | K15: JZ | L15: 12
A16: 13 | D16: =IF(B16="","--",IFERROR(VLOOKUP(UPPER(B16),$K$3:$L$17,2,0),"ERR")) -> -- | E16: =IF(C16="","--",TEXT(C16,"0")) -> -- | F16: =IF(B16="","--",IF(ISNUMBER(MATCH(UPPER(B16),{"LDA","LDB","STA","JMP","JZ","JNZ"},0)),"2 bytes","1 byte")) -> -- | G16: =IF(B16="","--",IF(ISERROR(VLOOKUP(UPPER(B16),$K$3:$L$17,2,0)),"ERR: unknown","OK")) -> -- | K16: JNZ | L16: 13
A17: 14 | D17: =IF(B17="","--",IFERROR(VLOOKUP(UPPER(B17),$K$3:$L$17,2,0),"ERR")) -> -- | E17: =IF(C17="","--",TEXT(C17,"0")) -> -- | F17: =IF(B17="","--",IF(ISNUMBER(MATCH(UPPER(B17),{"LDA","LDB","STA","JMP","JZ","JNZ"},0)),"2 bytes","1 byte")) -> -- | G17: =IF(B17="","--",IF(ISERROR(VLOOKUP(UPPER(B17),$K$3:$L$17,2,0)),"ERR: unknown","OK")) -> -- | K17: HLT | L17: 255
A18: 15 | D18: =IF(B18="","--",IFERROR(VLOOKUP(UPPER(B18),$K$3:$L$17,2,0),"ERR")) -> -- | E18: =IF(C18="","--",TEXT(C18,"0")) -> -- | F18: =IF(B18="","--",IF(ISNUMBER(MATCH(UPPER(B18),{"LDA","LDB","STA","JMP","JZ","JNZ"},0)),"2 bytes","1 byte")) -> -- | G18: =IF(B18="","--",IF(ISERROR(VLOOKUP(UPPER(B18),$K$3:$L$17,2,0)),"ERR: unknown","OK")) -> --
A19: 16 | D19: =IF(B19="","--",IFERROR(VLOOKUP(UPPER(B19),$K$3:$L$17,2,0),"ERR")) -> -- | E19: =IF(C19="","--",TEXT(C19,"0")) -> -- | F19: =IF(B19="","--",IF(ISNUMBER(MATCH(UPPER(B19),{"LDA","LDB","STA","JMP","JZ","JNZ"},0)),"2 bytes","1 byte")) -> -- | G19: =IF(B19="","--",IF(ISERROR(VLOOKUP(UPPER(B19),$K$3:$L$17,2,0)),"ERR: unknown","OK")) -> --
A20: 17 | D20: =IF(B20="","--",IFERROR(VLOOKUP(UPPER(B20),$K$3:$L$17,2,0),"ERR")) -> -- | E20: =IF(C20="","--",TEXT(C20,"0")) -> -- | F20: =IF(B20="","--",IF(ISNUMBER(MATCH(UPPER(B20),{"LDA","LDB","STA","JMP","JZ","JNZ"},0)),"2 bytes","1 byte")) -> -- | G20: =IF(B20="","--",IF(ISERROR(VLOOKUP(UPPER(B20),$K$3:$L$17,2,0)),"ERR: unknown","OK")) -> --
A21: 18 | D21: =IF(B21="","--",IFERROR(VLOOKUP(UPPER(B21),$K$3:$L$17,2,0),"ERR")) -> -- | E21: =IF(C21="","--",TEXT(C21,"0")) -> -- | F21: =IF(B21="","--",IF(ISNUMBER(MATCH(UPPER(B21),{"LDA","LDB","STA","JMP","JZ","JNZ"},0)),"2 bytes","1 byte")) -> -- | G21: =IF(B21="","--",IF(ISERROR(VLOOKUP(UPPER(B21),$K$3:$L$17,2,0)),"ERR: unknown","OK")) -> --
A22: 19 | D22: =IF(B22="","--",IFERROR(VLOOKUP(UPPER(B22),$K$3:$L$17,2,0),"ERR")) -> -- | E22: =IF(C22="","--",TEXT(C22,"0")) -> -- | F22: =IF(B22="","--",IF(ISNUMBER(MATCH(UPPER(B22),{"LDA","LDB","STA","JMP","JZ","JNZ"},0)),"2 bytes","1 byte")) -> -- | G22: =IF(B22="","--",IF(ISERROR(VLOOKUP(UPPER(B22),$K$3:$L$17,2,0)),"ERR: unknown","OK")) -> --
A23: 20 | D23: =IF(B23="","--",IFERROR(VLOOKUP(UPPER(B23),$K$3:$L$17,2,0),"ERR")) -> -- | E23: =IF(C23="","--",TEXT(C23,"0")) -> -- | F23: =IF(B23="","--",IF(ISNUMBER(MATCH(UPPER(B23),{"LDA","LDB","STA","JMP","JZ","JNZ"},0)),"2 bytes","1 byte")) -> -- | G23: =IF(B23="","--",IF(ISERROR(VLOOKUP(UPPER(B23),$K$3:$L$17,2,0)),"ERR: unknown","OK")) -> --
A24: 21 | D24: =IF(B24="","--",IFERROR(VLOOKUP(UPPER(B24),$K$3:$L$17,2,0),"ERR")) -> -- | E24: =IF(C24="","--",TEXT(C24,"0")) -> -- | F24: =IF(B24="","--",IF(ISNUMBER(MATCH(UPPER(B24),{"LDA","LDB","STA","JMP","JZ","JNZ"},0)),"2 bytes","1 byte")) -> -- | G24: =IF(B24="","--",IF(ISERROR(VLOOKUP(UPPER(B24),$K$3:$L$17,2,0)),"ERR: unknown","OK")) -> --
A25: 22 | D25: =IF(B25="","--",IFERROR(VLOOKUP(UPPER(B25),$K$3:$L$17,2,0),"ERR")) -> -- | E25: =IF(C25="","--",TEXT(C25,"0")) -> -- | F25: =IF(B25="","--",IF(ISNUMBER(MATCH(UPPER(B25),{"LDA","LDB","STA","JMP","JZ","JNZ"},0)),"2 bytes","1 byte")) -> -- | G25: =IF(B25="","--",IF(ISERROR(VLOOKUP(UPPER(B25),$K$3:$L$17,2,0)),"ERR: unknown","OK")) -> --
